HillaryForAmerica,6425
similar
random
architecture,0.019778673,8451
translator,0.019701129,11360
Shorthander,0.019428741,2045
SEAstartups,0.019089907,6210
Magento,0.017791025,1891
engineering,0.017754605,8560
QueComico,0.017660927,3179
powerlifting,0.017235283,4831
Techno,0.017182194,9764
enderal,0.016080335,2514
MechanicalKeyboards,0.015981426,42857
productivity,0.015819287,5075
Monitors,0.015779816,11259
Bass,0.014956109,7024
DnB,0.013431162,9622
Kappa,0.013405981,45563
Roku,0.0118278675,2385
Kossacks_for_Sanders,0.011640251,16921
penis,0.011600524,26062
node,0.01158132,3445
edmproduction,0.01104265,16466
kancolle,0.010523898,6052
gamingsuggestions,0.010462973,9875
electrical,0.010220364,1847
Italia,0.009713586,2736
VaporwaveAesthetics,0.009482456,3254
rockets,0.009312032,4276
BostInno,0.007938836,2871
zen,0.007547628,5692
StretchedToBursting,0.0073938314,3535
baindaily,0.007219527,5704
Training,0.0062348987,2648
afinil,0.006168303,2934
futanari,0.005532399,3393
sips,0.0043110847,3859
ElAndroideLibre,0.0036765095,2630
benzodiazepines,0.0027991403,4513
Overwatch,0.001616653,415115
StLouis,0.0013340861,6881
Wishlist,0.0008748006,6117
drums,-0.000910569,11235
headphones,-0.004893899,20912
chemistry,-0.0049836496,6987
DnD,-0.005388012,49863
Physics,-0.0054695867,7269
snapchat,-0.005606685,28056
AfterEffects,-0.0058953995,5907
IndustrialPharmacy,-0.0060614552,6221
codes,-0.0076472946,1955
Construction,-0.01277239,8469
Edmonton,-0.013189654,8388
Astronomy,-0.015300991,6843
DiepioSuggestions,-0.01734004,1886
pharmacy,-0.018663943,4720
SubredditSimMeta,-0.019025818,2661
Supplements,-0.01913286,3572
