subreddit,subreddit
ja
,de,0.26678646
,reddit.com,0.13376239
de
,ja,0.26678646
,reddit.com,0.00987314
reddit.com
,ja,0.13376239
,de,0.00987314
